id	g6	aut	edges	L	ratio	ratio_float	beat	aut_ge_T
37	O~~~~{??G@_F?N?N_Fw@~	3251404800	56	7628328998218493/107497751435913928580204708114517196800000000000	1/1	1	0	1
131	O{eCN{??JpnFXkXkbu?|`	12288	56	252722225928544387/214995502871827857160409416229034393600000000000	252722225928544387/15256657996436986	16.5647172525	0	1
132	O{eCN|_WGpbFXbXbbu?|`	4096	56	26665505488451639/19545045715620714287309946929912217600000000000	293320560372968029/15256657996436986	19.2257413414	0	1
35	OsaCB@_EWrKrXeFwB{B{?	4096	48	159448057589961541/11612411420546257716997422172864512000000000000	51661170659147539284/266991514937647255	193.493679645	0	1
140	O~aKYPDOxQBHHIGeacocj	1152	48	133802937646303087/8709308565409693287748066629648384000000000000	57802869063202933584/266991514937647255	216.497026419	0	0
36	OsaCC??^jzN[\wZwJ{@~?	80640	56	4300748384305704847/214995502871827857160409416229034393600000000000	4300748384305704847/15256657996436986	281.893215756	0	1
61	OseCK|@GRhmUZLYmJq@|@	256	56	64201322710498861/2388838920798087301782326846989271040000000000	2889059521972448745/7628328998218493	378.72770336	0	0
60	OseCK|@GO|me\KYlLUR{O	256	56	6279678614458535483/214995502871827857160409416229034393600000000000	6279678614458535483/15256657996436986	411.602502719	0	0
135	O{eFK|OQH`dFX[XRbq_|P	128	56	534183429144572539/17916291905985654763367451352419532800000000000	3205100574867435234/7628328998218493	420.157622412	0	0
34	OsaC???]ZrK{XwFwB{B{?	12288	48	946823164292295799/26127925696229079863244199888945152000000000000	136342535658090595056/266991514937647255	510.662429441	0	1
50	OsaSS|WMBBkMFbXmKub{C	128	56	2956311296823326737/71665167623942619053469805409678131200000000000	8868933890469980211/15256657996436986	581.315638886	0	0
142	O~z\w?@?WB_M?Z?V_Fz{?	294912	48	48811192011952627/967700951712188143083118514405376000000000000	189777914542471813776/266991514937647255	710.801294891	0	1
104	OtaLKoBXQsLLYkTYiu`xo	64	56	227733795722072971/4479072976496413690841862838104883200000000000	5465611097329751304/7628328998218493	716.488643661	0	0
51	OsaSVL@GRLnE]KFlBuR{O	128	56	262211181203342549/5118940544567329932390700386405580800000000000	5506434805270193529/7628328998218493	721.840236119	0	0
127	O{eS^LOQH`dFEyFTksbKp	64	56	2030836991271858421/35832583811971309526734902704839065600000000000	6092510973815575263/7628328998218493	798.669141727	0	0
114	Otmt[{?WI`hFPMOlgLx~?	768	56	28247564724231847/479900676053187181161628161225523200000000000	6327454498227933728/7628328998218493	829.467960769	0	0
134	O{eE\l_SHPbFXRXdbm?|P	64	56	7116136273523479/118129397182322998439785393532436480000000000	6475684008906365890/7628328998218493	848.899413019	0	0
133	O{eE\k?QH`nFXYXkbl?|`	64	56	225910519032508951/2986048650997609127227908558736588800000000000	8132778685170322236/7628328998218493	1066.12846497	0	0
95	OsqmtgKWILdMSUKdjKplQ	32	56	152251879593682171/1653811560552521978156995509454110720000000000	9896372173589341115/7628328998218493	1297.31847904	0	0
139	O}akqPPWOV@iHIDHcROcj	192	48	4857532694812979123/52255851392458159726488399777890304000000000000	349742354026534496856/266991514937647255	1309.93808589	0	0
94	OsqmloKWITcmSdKUjKplQ	32	56	10004868396721966139/107497751435913928580204708114517196800000000000	10004868396721966139/7628328998218493	1311.54128238	0	0
109	OtaLyD`SYQGhKBKB`eOXb	256	48	10049518590729435053/104511702784916319452976799555780608000000000000	361782669266259661908/266991514937647255	1355.03433265	0	0
80	OsfLfKKCibdNUEMHkoZL`	32	56	7591192568999471/75173252752387362643499795884277760000000000	10855405373669243530/7628328998218493	1423.03843688	0	0
126	O{eS^LGIJ`MBPlHmbX_z`	32	56	10950620702947205617/107497751435913928580204708114517196800000000000	10950620702947205617/7628328998218493	1435.52024375	0	0
118	OtrKtKWHA`kFQxPufU`jo	32	56	540397684505726603/5118940544567329932390700386405580800000000000	11348351374620258663/7628328998218493	1487.65888011	0	0
117	OtqDm[gEJ_mDH\D]hpa\`	32	56	11503907938371776303/107497751435913928580204708114517196800000000000	11503907938371776303/7628328998218493	1508.05083801	0	0
77	OsemfLOIGd`fUYMTksbKp	32	56	337484699691722789/3071364326740397959434420231843348480000000000	11811964489210297615/7628328998218493	1548.43406622	0	0
83	OsfTVLOIGTafUXMUkuBKX	32	56	3937559091970134443/35832583811971309526734902704839065600000000000	11812677275910403329/7628328998218493	1548.52750565	0	0
100	Osv\tl?GIPgfGlG]jb`fE	64	56	4158353603335792097/35832583811971309526734902704839065600000000000	12475060810007376291/7628328998218493	1635.35956733	0	0
99	Osv\tk?QIHcLGlWNjf@fK	64	56	1190414471610371299/9772522857810357143654973464956108800000000000	13094559187714084289/7628328998218493	1716.56980064	0	0
42	OsaKYPDHOiDFEM[wMPRcg	192	48	1730694595613744671/13063962848114539931622099944472576000000000000	498440043536758465248/266991514937647255	1866.8759704	0	0
87	OsiT[|@OjHjEIiDTnDRgi	32	56	1019417453131664413/7678410816850994898586050579608371200000000000	14271844343843301782/7628328998218493	1870.90047469	0	0
123	OuiDm[OAJ`lFTTJiIuPZa	32	56	92783763893850097/689088150230217490898748128939212800000000000	14474267167440615132/7628328998218493	1897.43614504	0	0
63	OseCk[aOZXmeYd[YfqAz@	32	56	16746809946924920561/107497751435913928580204708114517196800000000000	16746809946924920561/7628328998218493	2195.34447857	0	0
98	Osuc~GEFJOIMKiKVg\rXo	16	56	2366420528999724853/13437218929489241072525588514314649600000000000	18931364231997798824/7628328998218493	2481.71837324	0	0
52	OsaSVL@GRpbvTkJkNQRxA	32	56	22968121267803281/122854573069615918377376809273733939200000000	20097106109327870875/7628328998218493	2634.53583531	0	0
81	OsfLfKKGiRfATLWmFLakM	16	56	21064761257609072303/107497751435913928580204708114517196800000000000	21064761257609072303/7628328998218493	2761.386047	0	0
49	OsaSS{`ORdlfMkVKMqJ\C	32	56	176327378370552667/853156757427888322065116731067596800000000000	22217249674689636042/7628328998218493	2912.46610888	0	0
43	OsaKc{`ORpkvVKMkLqRlA	32	56	925759026917915041/4479072976496413690841862838104883200000000000	22218216646029960984/7628328998218493	2912.59286945	0	0
121	OuiD]kW@YglDKkB\lbbdS	16	56	744090264361600253/3583258381197130952673490270483906560000000000	22322707930848007590/7628328998218493	2926.29066419	0	0
106	OtaLw?@ObBiNQ[P[fg@x@	256	48	2739349071956884661/13063962848114539931622099944472576000000000000	788932532723582782368/266991514937647255	2954.8973978	0	0
76	OsemfKQKGXdNUKURkqRLP	16	56	11315677250809196333/53748875717956964290102354057258598400000000000	22631354501618392666/7628328998218493	2966.7512383	0	0
130	O{aK~hCQHPeRXJFWbZJdg	16	56	22673483301159237319/107497751435913928580204708114517196800000000000	22673483301159237319/7628328998218493	2972.27391562	0	0
39	OsaKYCQGbRIjXKLWJEHqc	96	48	11451034563720414743/52255851392458159726488399777890304000000000000	824474488587869861496/266991514937647255	3088.01756783	0	0
122	OuiD]kWQGhidWm[ddh`Z`	16	56	23942166421100611507/107497751435913928580204708114517196800000000000	23942166421100611507/7628328998218493	3138.58597691	0	0
59	OsbDKsQBZChlLY]MNaRtG	16	56	27717556072315609069/107497751435913928580204708114517196800000000000	27717556072315609069/7628328998218493	3633.50297015	0	0
58	Osacs[PWQLiu]MJkN`JrG	16	56	9748644223134235171/35832583811971309526734902704839065600000000000	29245932669402705513/7628328998218493	3833.85832942	0	0
88	OsiT[|COhPkN[KVCihXtW	16	56	4991015495628261839/17916291905985654763367451352419532800000000000	29946092973769571034/7628328998218493	3925.64255956	0	0
120	OuaT^XCSGpdETJIfdZbn?	16	56	366977629413706369/1279735136141832483097675096601395200000000000	30826120870751334996/7628328998218493	4041.00568787	0	0
105	OtaLw?@OaRgn[S[Kdk?z@	128	48	30133825606962459397/104511702784916319452976799555780608000000000000	1084817721850648538292/266991514937647255	4063.11684513	0	0
48	OsaLSlAW_rlM\I\MBmR{G	16	56	31619967754193231263/107497751435913928580204708114517196800000000000	31619967754193231263/7628328998218493	4145.07132054	0	0
103	OtaCXOTHOphhRKSsKTJcK	64	48	15619414663217017207/52255851392458159726488399777890304000000000000	1124597855751625238904/266991514937647255	4212.1108456	0	0
86	OsiCK{QSbBleFiZMMMR{G	16	56	1688493963436008101/5374887571795696429010235405725859840000000000	33769879268720162020/7628328998218493	4426.90388375	0	0
38	OsaCKTIHXjJR\X]eNkB{_	32	56	8526453833732588339/26874437858978482145051177028629299200000000000	34105815334930353356/7628328998218493	4470.94184623	0	0
64	OseCk[aWabbmZIZMMMR{G	16	56	17423226854182579751/53748875717956964290102354057258598400000000000	34846453708365159502/7628328998218493	4568.03235892	0	0
137	O{fL_CCQP`GmCzB[C\Joo	64	48	2501933045359433447/7465121627494022818069771396841472000000000000	180139179265879208184/38141644991092465	4722.90010848	0	0
136	O{fL_@HKQJCZCsBW_pzp_	64	48	1006490827623886211/2903102855136564429249355543216128000000000000	1304412112600556529456/266991514937647255	4885.59388453	0	0
108	OtaLy@@AWJg[WFSFfg@x@	128	48	180663174895837/482704053728488910379408162816000000000000	1408173335504004829716/266991514937647255	5274.22504731	0	0
56	OsaSYHBGpH`XDL]SNDBoK	64	48	890786833079376689/2375265972384461805749472717176832000000000000	1411006343597732675376/266991514937647255	5284.83590172	0	0
31	OsaBA`GP@`dIHWEcas_]O	1920	40	151044187332473/398777864716561047973812574617600000000000	40716679490840081664/7628328998218493	5337.56206639	0	1
62	OseCL\@GO|mUVLZKMqJtO	16	56	4214979744357148733/10749775143591392858020470811451719680000000000	42149797443571487330/7628328998218493	5525.42994061	0	0
57	OsacS|@CRXmU[kFkleb{O	16	56	23063945509720697479/53748875717956964290102354057258598400000000000	46127891019441394958/7628328998218493	6046.91945382	0	0
119	OtrTOGBW@`hIP]G|Bg_tP	32	48	165137141610676093/266611486696215100645348978458624000000000000	332916477487123003488/38141644991092465	8728.42473273	0	0
53	OsaSWSTOhDKiXQUEfBbr?	32	48	8559485827979707837/13063962848114539931622099944472576000000000000	2465131918458155857056/266991514937647255	9232.99723227	0	0
55	OsaSXDCSXRbKTBIdmSBY@	32	48	111570238108359383/165891591722089395957106031040921600000000000	72297514294216880184/7628328998218493	9477.50343635	0	0
115	Otmt[|?GIAiFPNOnHFX~?	64	56	2219101371753159589/3257507619270119047884991154985369600000000000	73230345267854266437/7628328998218493	9599.78853625	0	0
41	OsaKYDDGgdLBUELQeibr?	32	48	9061545633113306693/13063962848114539931622099944472576000000000000	2609725142336632327584/266991514937647255	9774.56209777	0	0
40	OsaKYCcQXRBKSbLDmTBi_	32	48	3293703228156463/4498609796182692813919455903744000000000000	2754695282275114142976/266991514937647255	10317.5386788	0	0
47	OsaKiCdPPDaUBR]WNAboS	32	48	13063398125358810473/17418617130819386575496133259296768000000000000	2821693995077503062168/266991514937647255	10568.4781621	0	0
107	OtaLw?BOBBhNP[S[fa@y@	64	48	571022203455042107/696744685232775463019845330371870720000000000	616703979731445475560/53398302987529451	11549.1306882	0	0
138	O{fw?CB?wE?XWKWKb@_oX	4096	40	37962284124679073/45243161378751653442847099374796800000000000	90198387080237477448/7628328998218493	11824.1343683	0	1
45	OsaKg?hSZEkkTIIdJWPyA	32	48	9682819444963843/11520249425145096941465696600064000000000000	451761624024233059008/38141644991092465	11844.314112	0	0
128	O{fw?CB?wE?X?N?Nn?Bo@	32768	40	445935060095600363/497674775166268187871318093122764800000000000	96321972980649678408/7628328998218493	12626.8771317	0	1
82	OsfLg?@WYHcZQYKXJcPuA	32	48	2736242616464616227/2612792569622907986324419988894515200000000000	788037873541809473376/53398302987529451	14757.7325393	0	0
20	Os_?GGC@?F_]?{]?N?Bo?	2654208	32	28388783178097/25648050668226560908643480371200000000000	118984884938163544608/7628328998218493	15597.7652466	0	1
25	Osa????WyfH[PwN_Fg@x?	2304	40	80019061455629269/66356636688835758382842412416368640000000000	129630879558119415780/7628328998218493	16993.3519632	0	1
112	Otaky@@GWbhBPROlfc@u@	32	48	14241227801092248553/10451170278491631945297679955578060800000000000	1025368401678641895816/53398302987529451	19202.2656959	0	0
46	OsaKiCaC`RbMYKTYLabiC	16	48	1128889051328820109/816497678007158745726381246529536000000000000	5201920748523203062272/266991514937647255	19483.4684156	0	0
54	OsaSXCdOha`T[DRRNEAyC	16	48	36226576009483703237/26127925696229079863244199888945152000000000000	5216626945365653266128/266991514937647255	19538.549555	0	0
32	OsaC???FzrMkYwXwJw@|?	256	48	1408332666459360337/1004920219085733840894007688036352000000000000	5272797503223845101728/266991514937647255	19748.932862	0	0
111	Otakw?@QYbKLPLOufc@u@	32	48	4834184301939645533/3265990712028634982905524986118144000000000000	5568980315834471654016/266991514937647255	20858.2670394	0	0
44	OsaKg?dQGid\[S[qLSQy_	16	48	31082708603253844379/17418617130819386575496133259296768000000000000	6713865058302830385864/266991514937647255	25146.3611489	0	0
97	Osqsy@@GWRcdGtUEESqyA	16	48	23560898597324802509/13063962848114539931622099944472576000000000000	6785538796029543122592/266991514937647255	25414.8106453	0	0
96	Osqsw@@AXCclW]USEXaxA	16	48	98836748617068636799/52255851392458159726488399777890304000000000000	7116245900428941849528/266991514937647255	26653.4533957	0	0
79	OsfDw@@GXPCZP]TSFDayA	16	48	1662829393253315153/803936175268587072715206150429081600000000000	1556408312085102983208/53398302987529451	29147.1493476	0	0
78	OsfDw?@G`bgmW\RWFFAyA	16	48	117795979298550834719/52255851392458159726488399777890304000000000000	8481310509495660099768/266991514937647255	31766.2174076	0	0
74	Osedw@??pJhMP\UWEjBpA	16	48	1870178848068906449/791755324128153935249824239058944000000000000	8887089886023443445648/266991514937647255	33286.0386522	0	0
124	Ouj\w?@?YBcMSUILIhPTI	32	48	188703001386101003/77761683619729404354893452050432000000000000	1304315145580730132736/38141644991092465	34196.6149044	0	0
116	Otmt[|?GIBgVPFQMiEx~?	16	56	292919432414952100117/107497751435913928580204708114517196800000000000	292919432414952100117/7628328998218493	38398.898695	0	0
110	Ota\W@@GYChJS]PZFc@u@	16	48	6746836537220434679/2375265972384461805749472717176832000000000000	10686989074957168531536/266991514937647255	40027.4483534	0	0
73	Osedw?HOYFGbSZW\Fg@w`	16	48	1641337191300385099/527836882752102623499882826039296000000000000	11699451499589144985672/266991514937647255	43819.5629637	0	0
72	Osedw?DOYFHBSZW\Fg@w`	16	48	9027517508399818303/2903102855136564429249355543216128000000000000	11699662690886164520688/266991514937647255	43820.3539675	0	0
29	Osa?AKUB`KKEWKERBHRs?	256	40	215548388130011089/57424012519184790908229010744934400000000000	403506582579380758608/7628328998218493	52895.8023013	0	0
65	OseW?CBSaPgjK_IGcgZF?	192	40	9425597433470371/1481174926090083892474160991436800000000000	684072159331545645696/7628328998218493	89675.2302492	0	0
33	OsaC???RxnNKYw\WJs@}?	32	48	7323211970451107047/653198142405726996581104997223628800000000000	8436340189959675318144/53398302987529451	157988.919459	0	0
28	Osa??cQAWJIRKeZ_LgBX?	128	40	39284988090497292757/2986048650997609127227908558736588800000000000	1414259571257902539252/7628328998218493	185395.723177	0	0
84	Osf_?KFO`CBRSSKQdDAP`	64	40	112706944662812887/8294579586104469797855301552046080000000000	1460682002830055015520/7628328998218493	191481.254043	0	0
23	Osa????Dw^KwXgUWFKBs?	128	40	52490444641511283049/2986048650997609127227908558736588800000000000	1889656007094406189764/7628328998218493	247715.588504	0	0
68	OseW?CbOyHCaSaQQdO`aH	64	40	9099730515305078827/497674775166268187871318093122764800000000000	1965541791305897026632/7628328998218493	257663.47935	0	0
26	Osa????WyuFKRWJgIs@m?	96	40	16018391734806730439/746512162749402281806977139684147200000000000	2306648409812169183216/7628328998218493	302379.251124	0	0
30	Osa?OGgPGqasKsSwLGbKO	32	40	38740431570433263107/1493024325498804563613954279368294400000000000	2789311073071194943704/7628328998218493	365651.648444	0	0
93	OsiWA@@AgMkXSkK_DCGiB	32	40	46064813638048391959/1493024325498804563613954279368294400000000000	3316666581939484221048/7628328998218493	434782.844672	0	0
89	OsiW??`CjCiKPPQad[?m_	32	40	47158846281084630271/1493024325498804563613954279368294400000000000	3395436932238093379512/7628328998218493	445108.874176	0	0
71	OseWOLAOYECXSLKADAHHB	32	40	24197854558101122573/746512162749402281806977139684147200000000000	3484491056366561650512/7628328998218493	456783.006761	0	0
91	OsiW?CBWieHEPRK_DCGiB	32	40	171127160472414059/5078314032308859059911409113497600000000000	3622419732880060800912/7628328998218493	474864.119485	0	0
70	OseW?SFGHAiOKeQBGajF?	32	40	3379478573197633789/99534955033253637574263618624552960000000000	3649836859053444492120/7628328998218493	478458.239007	0	0
69	OseW?CbOyPCaSaKPGhPSI	32	40	9099021955957473091/248837387583134093935659046561382400000000000	3930777484973628375312/7628328998218493	515286.832266	0	0
27	Osa??CH@gqctUSXgNGBk?	32	40	5748392544006001/121187039407370500293340444753920000000000	5099054122235083127040/7628328998218493	668436.576795	0	0
129	O{uw?CB?oD_[?V?Nn?Bg@	512	40	331741733393953511/6665287167405377516133724461465600000000000	5350330676177682225408/7628328998218493	701376.497714	0	0
85	Osf_GK_O@Ba[SLQcBJ@TA	16	40	2864106354403325323/55297197240696465319035343680307200000000000	5567822752960064427912/7628328998218493	729887.601106	0	0
92	OsiWA?RG_KiPWWQRAePU_	16	40	264171140949710171/4443524778270251677422482974310400000000000	6390828241855388456832/7628328998218493	837775.644358	0	0
75	Oseg?D@AqcgfWwEOEOHHB	16	40	6419384081863614997/99534955033253637574263618624552960000000000	6932934808412704196760/7628328998218493	908840.561286	0	0
67	OseW?CFOQ`eAH`IPh[BCo	16	40	105579449631182783791/1493024325498804563613954279368294400000000000	7601720373445160432952/7628328998218493	996511.867176	0	0
66	OseW?CFOQ`eAHPI`h[BCo	16	40	26396524626170852089/373256081374701140903488569842073600000000000	7602199092337205401632/7628328998218493	996574.622583	0	0
24	Osa????ExN@{UWXgNGBk?	32	40	114656071403684662871/1493024325498804563613954279368294400000000000	8255237141065295726712/7628328998218493	1082181.58171	0	0
90	OsiW?CAOWNKQEQDWkUBoG	16	40	66523399693964958601/746512162749402281806977139684147200000000000	9579369555930954038544/7628328998218493	1255762.50817	0	0
17	Os_??KE@_KKKWWEEBBBo?	4096	32	559107894041054401/4308872512262062232652104702361600000000000	13948623740536225196148/7628328998218493	1828529.38616	0	1
101	Otk?GKF@?C_J?NW?I?IOB	4608	32	4018475348074100569/16158271920982733372445392633856000000000000	133670563978336881327216/38141644991092465	3504583.08784	0	1
141	O~?GW[??G@_F????_?W?F	7962624	24	284193445691/616836235407084196937072640000000000	49527175336003553569920/7628328998218493	6492532.68279	0	1
11	Os_????@zKIgIgLGHW?r?	384	32	6585751453088443/7344669054992151532929723924480000000000	96390111987634945898880/7628328998218493	12635809.4951	0	0
102	Ouk?GKE@OD?J?NW?I?HOB	512	32	178936939743160877/89768177338792963180252181299200000000000	214277701090194122851008/7628328998218493	28089729.8924	0	0
22	Os_?IGbC`Ga_O`ISB@QPG	96	32	181228072645364707/65952130289725442336511806668800000000000	295390159815295169068752/7628328998218493	38722787.1116	0	0
113	Otk?GGB?WBgAOBD_@oJ?K	128	32	46326674795862250693/9233298240561561927111652933632000000000000	2696768393216733337340916/38141644991092465	70704040.0026	0	0
13	Os_????BWfKoTOLGHS@U?	64	32	5884375089873796613/1154162280070195240888956616704000000000000	2740329941853867587487648/38141644991092465	71846139.3706	0	0
19	Os_?A?_DOhA[BWQaDQBK?	32	32	22474047903220258067/2693045320163788895407565438976000000000000	4485460376716311986044128/38141644991092465	117600076.708	0	0
18	Os_??L@GOS`SEKT@E`BK?	32	32	28567972896429562019/3231654384196546674489078526771200000000000	950285050426832951000016/7628328998218493	124573160.21	0	0
16	Os_??DAGOZAqIGSCho@i?	32	32	9024850994552734049/1009891995061420835777837039616000000000000	4803242295724834326494976/38141644991092465	125931702.653	0	0
14	Os_??CDAGaiaIaX_HS@i?	32	32	152700419334669566609/16158271920982733372445392633856000000000000	5079426748748448463681776/38141644991092465	133172723.671	0	0
15	Os_??CDCGQePJCX_ISAY?	32	32	152716117837981457521/16158271920982733372445392633856000000000000	5079948943762615202978544/38141644991092465	133186414.612	0	0
21	Os_?GGC@?RaUSgISLGBc?	32	32	4096223930138742427/310735998480437180239334473728000000000000	7085353226231026660769856/38141644991092465	185764227.733	0	0
125	Ouk?GKC?_J?YGIODDCQ_a	32	32	12267271729793444911/659521302897254423365118066688000000000000	9997433907086304212227848/38141644991092465	262113338.568	0	0
12	Os_????AwjKgJ_RGESAe?	16	32	82372213451441165537/4039567980245683343111348158464000000000000	10960117232994955721691072/38141644991092465	287353029.361	0	0
8	Os?GOO?@gJ?[??W?i?P_C	4608	24	14157247603814383/51814243774195072542714101760000000000	29371697299371975644305440/7628328998218493	3850344853.54	0	1
9	Os?GOOC?gI_[G?C?k?I_C	512	24	258779890599170401/116582048491938913221106728960000000000	238615264666293092946910080/7628328998218493	31280148604.2	0	0
5	Os???GA?WBBAEAP_CoBO?	128	24	484449148178727023/69085658365593430056952135680000000000	753806149442340935982675480/7628328998218493	98816680510	0	0
7	Os?GOO??AHGQGSDCAK@D?	96	24	129956767997112929/15544273132258521762814230528000000000	898727153383375013366222400/7628328998218493	117814419592	0	0
6	Os?GOGEAOC?GCDGII?b?O	32	24	2081377252397620159/66618313423965093269203845120000000000	3358586596131327737365025760/7628328998218493	440278152255	0	0
10	Os?GOOD@_C?GCEGHI@B?G	32	24	1041148809014621743/33309156711982546634601922560000000000	3360071731836711880490927040/7628328998218493	440472839153	0	0
2	OoCO?CA???_A?B?W@_B??	98304	16	49870846239601/129406203232255425930854400000000	41427719066461586900513472000/7628328998218493	5.43077246355e+12	0	1
3	OoCO?CAAOH???@?@G?P?A	512	16	250460801116741/4043943851007982060339200000000	6657850339879547045791217664000/7628328998218493	8.72779653504e+14	0	0
4	OoCOOGA?O?_C?@?AC?I?C	32	16	562944990377999/568679604047997477235200000000	106413734934371769539395977216000/7628328998218493	1.39498093172e+16	0	0
1	O`?G?C??G??@????_???@	10321920	8	1876949/834966920275488000000	241647653530173606828598886400000/7628328998218493	3.16776653952e+16	0	1
0	O????????????????????	20922789888000	0	1/20922789888000	5137830662705641207660953600000000/7628328998218493	6.73519805439e+17	0	1
